User_ID,Age,Annual_Income,Credit_Score,Monthly_Spend_Grocery,Monthly_Spend_Dining,Monthly_Spend_Gas,Monthly_Spend_Travel,Monthly_Spend_Other,Preferred_Reward_Type
1000,28,74015,704,670.58,359.71,102.14,1459.58,913.35,Points
1001,62,50330,620,607.99,236.55,272.79,0.0,477.13,Cashback
1002,19,117423,777,1463.09,1383.24,589.46,692.8,1803.62,Travel
1003,21,60237,664,795.13,116.86,34.94,634.9,807.18,Travel
1004,35,140837,725,1670.33,1664.69,14.08,1312.6,898.54,Points
1005,40,56571,634,610.97,135.77,217.23,0.0,808.97,Cashback
1006,49,33348,856,501.55,162.74,22.68,0.0,510.89,Cashback
1007,28,70105,718,419.23,500.55,51.88,120.58,200.5,Cashback
1008,39,34747,768,551.09,214.04,151.5,0.0,344.69,Travel
1009,39,100152,652,1077.64,244.37,482.73,1634.48,1680.55,Cashback
1010,29,77028,772,1140.01,891.98,363.57,1445.05,714.82,Points
1011,36,40702,681,551.92,201.07,70.82,0.0,516.92,Travel
1012,21,46198,597,546.98,185.72,71.14,0.0,648.62,Points
1013,47,48628,738,582.56,104.06,236.33,0.0,819.87,Travel
1014,44,76423,576,388.23,550.25,33.63,854.41,328.62,Cashback
1015,33,103330,755,1109.76,572.45,382.32,1636.75,1000.23,Travel
1016,57,51607,660,226.04,598.64,24.77,0.0,442.79,Cashback
1017,26,20318,690,119.06,92.24,87.77,0.0,41.04,Cashback
1018,37,83796,657,380.43,358.65,174.3,1568.66,1436.26,Cashback
1019,43,83339,790,1245.08,856.72,70.0,1485.1,1305.09,Travel
1020,58,117639,616,1378.73,1228.15,550.55,171.75,997.58,Travel
1021,53,95182,662,1222.14,584.42,1.9,1572.41,685.31,Travel
1022,24,87783,819,1221.94,563.57,22.82,1515.13,1681.92,Travel
1023,45,65482,789,1047.71,117.87,333.96,502.9,717.68,Cashback
1024,33,26399,663,346.88,158.92,77.61,0.0,232.84,Travel
1025,51,21104,631,207.24,83.99,48.54,0.0,119.87,Points
1026,46,58540,696,502.27,265.77,192.01,0.0,682.58,Travel
1027,32,44957,684,543.08,461.26,18.88,0.0,569.16,Travel
1028,30,77572,871,823.81,507.32,69.81,521.28,1373.02,Points
1029,30,70917,748,468.05,219.84,90.77,529.04,615.56,Points
1030,54,60375,723,752.27,504.74,227.01,353.8,1043.28,Cashback
1031,24,48076,601,230.76,566.34,108.65,0.0,272.11,Travel
1032,59,58144,578,405.85,230.25,311.65,0.0,688.42,Points
1033,50,56245,760,224.98,268.85,142.86,0.0,822.3,Cashback
1034,32,124560,798,1865.91,416.03,114.6,1507.18,886.87,Travel
1035,26,46894,721,449.24,399.54,175.38,0.0,599.31,Points
1036,28,83856,545,397.48,880.49,457.85,766.44,224.73,Points
1037,27,122652,724,1940.35,873.28,613.26,1675.43,2094.9,Cashback
1038,39,71798,744,379.09,383.4,380.53,903.22,251.29,Cashback
1039,32,90659,730,1281.92,741.59,335.44,139.61,810.49,Cashback
1040,38,27991,688,219.45,111.96,152.83,0.0,102.45,Cashback
1041,34,104874,736,966.94,1094.88,2.1,599.88,832.7,Travel
1042,53,82665,593,897.74,162.02,89.28,955.61,1135.82,Cashback
1043,30,114275,694,790.78,500.52,447.96,772.5,1691.27,Cashback
1044,46,36631,625,311.36,290.12,105.5,0.0,400.01,Points
1045,42,91343,846,1328.13,716.13,482.29,140.67,1096.12,Cashback
1046,53,23667,591,124.02,123.07,22.25,0.0,330.86,Points
1047,24,54870,655,332.51,372.02,248.01,0.0,1031.56,Travel
1048,36,63703,699,904.58,481.59,234.43,368.2,537.65,Travel
1049,22,135066,623,1510.04,1191.28,208.0,1801.78,2460.9,Cashback
1050,49,32193,649,210.54,113.96,186.08,0.0,623.26,Points
1051,34,39651,749,258.52,425.85,130.06,0.0,668.52,Points
1052,33,178186,610,2719.12,791.15,220.95,2337.8,1318.58,Travel
1053,57,53152,774,463.49,443.29,248.75,0.0,243.44,Cashback
1054,51,32481,643,206.58,165.65,72.11,0.0,315.72,Cashback
1055,24,60880,644,357.97,295.88,359.19,122.98,478.52,Cashback
1056,38,47486,678,655.31,316.26,151.96,0.0,942.12,Points
1057,19,61266,720,733.97,621.24,312.46,834.44,1194.69,Travel
1058,22,81460,714,1042.69,122.19,162.92,1510.27,234.6,Travel
1059,51,64402,690,734.18,767.67,256.32,269.2,486.88,Cashback
1060,47,73862,619,556.92,82.73,199.43,893.73,344.2,Points
1061,30,25780,673,237.18,96.93,23.2,0.0,380.0,Points
1062,43,23895,660,134.29,202.63,108.96,0.0,246.12,Cashback
1063,50,40983,712,642.61,154.1,221.31,0.0,618.02,Travel
1064,33,18992,706,226.0,174.73,53.94,0.0,236.26,Points
1065,59,52217,751,424.0,283.02,34.46,0.0,791.61,Cashback
1066,62,133832,605,1316.91,273.02,473.77,2358.12,843.14,Travel
1067,60,120140,608,492.57,927.48,672.78,1689.17,1667.54,Travel
1068,62,85587,670,386.85,799.38,369.74,1573.09,1042.45,Cashback
1069,20,114891,520,576.75,1190.27,643.39,2194.42,769.77,Points
1070,25,83131,697,691.65,641.77,99.76,364.11,1536.26,Cashback
1071,34,84934,753,394.09,616.62,402.59,893.51,315.95,Points
1072,63,40008,588,436.09,312.06,107.22,0.0,447.29,Points
1073,45,43533,656,627.75,499.76,100.13,0.0,143.66,Travel
1074,42,58788,673,315.1,64.67,235.15,0.0,291.59,Travel
1075,23,88945,582,1040.66,836.08,240.15,1227.44,862.77,Cashback
1076,30,114803,710,1003.38,1352.38,417.88,2013.64,2116.97,Cashback
1077,22,60072,750,952.74,201.84,270.32,612.73,961.15,Travel
1078,52,61212,778,358.7,369.72,82.02,1077.33,741.89,Travel
1079,48,64776,713,509.14,384.77,331.65,715.13,980.71,Points
1080,47,102812,741,989.05,125.43,437.98,1178.23,1918.47,Travel
1081,40,74490,636,1106.92,476.74,187.71,1226.11,1430.21,Points
1082,47,26219,796,172.0,75.51,62.4,0.0,95.44,Points
1083,27,57893,737,470.09,261.68,236.2,0.0,1038.6,Travel
1084,51,267546,802,1332.38,861.5,486.93,3082.13,2910.9,Points
1085,29,72018,761,568.94,553.1,411.94,638.08,882.94,Cashback
1086,31,46352,755,599.79,542.32,11.12,0.0,532.12,Cashback
1087,30,76143,578,799.5,175.13,134.01,1282.25,190.36,Travel
1088,51,109065,723,951.05,373.0,397.0,279.21,1444.02,Cashback
1089,46,51410,640,641.6,395.86,269.39,0.0,149.09,Cashback
1090,27,93400,739,743.46,922.79,80.32,212.95,975.1,Cashback
1091,31,53118,598,675.66,104.11,7.44,0.0,400.51,Cashback
1092,42,95956,839,1220.56,1001.78,504.73,1423.99,1049.76,Points
1093,25,51599,792,775.02,472.65,194.01,0.0,396.28,Cashback
1094,34,93916,709,1048.1,849.0,142.75,161.54,1335.49,Travel
1095,35,81729,642,840.17,518.16,380.86,1067.38,1405.74,Travel
1096,52,68514,770,526.19,811.21,163.06,553.59,316.53,Points
1097,29,128153,552,1312.29,599.76,474.17,33.32,340.89,Cashback
1098,31,47759,707,591.26,144.23,104.11,0.0,851.07,Travel
1099,31,24840,746,355.71,113.27,53.16,0.0,90.91,Points
1100,42,88548,561,506.49,811.1,502.95,901.42,805.79,Travel
1101,29,90402,777,1026.97,591.23,470.09,1095.67,1659.78,Travel
1102,57,57798,578,394.18,675.08,132.94,0.0,1031.12,Points
1103,43,54675,709,263.53,407.88,77.64,0.0,815.75,Travel
1104,49,49631,770,794.1,486.38,211.43,0.0,954.9,Cashback
1105,61,87662,739,1197.46,131.49,419.02,618.89,1428.89,Travel
1106,27,87606,666,891.83,532.64,124.4,42.05,1661.01,Travel
1107,27,63772,824,408.14,325.24,271.67,1252.48,543.34,Points
1108,54,32029,872,181.92,137.72,44.2,0.0,498.37,Travel
1109,27,40869,773,421.77,336.76,14.71,0.0,462.64,Cashback
1110,43,142887,743,951.63,1103.09,80.02,222.9,2712.0,Cashback
1111,27,25371,780,141.06,141.06,66.47,0.0,151.21,Travel
1112,65,50728,726,284.08,199.87,105.51,0.0,354.08,Cashback
1113,35,45607,742,340.23,360.3,214.35,0.0,529.04,Points
1114,24,51442,731,465.04,600.84,190.34,0.0,806.61,Points
1115,49,164367,796,1459.58,190.67,220.25,1729.14,443.79,Cashback
1116,46,43474,795,461.69,229.54,246.06,0.0,95.64,Cashback
1117,40,47541,560,732.13,431.67,127.41,0.0,464.0,Travel
1118,62,88409,738,1290.77,701.97,1.77,592.34,1718.67,Travel
1119,44,39542,664,597.08,177.94,159.75,0.0,191.38,Cashback
1120,26,50287,620,250.43,141.81,162.93,0.0,793.53,Cashback
1121,32,25734,701,164.18,62.28,58.16,0.0,302.12,Points
1122,27,69757,538,1015.66,775.7,262.29,301.35,753.38,Points
1123,25,55527,593,651.89,385.36,208.78,0.0,232.1,Points
1124,42,36636,748,442.56,154.6,88.66,0.0,516.57,Travel
1125,62,57997,749,635.65,114.83,211.11,0.0,550.97,Points
1126,51,124328,771,1489.45,1004.57,651.48,979.7,1116.47,Travel
1127,31,33897,757,366.09,46.78,103.05,0.0,267.79,Cashback
1128,62,59532,760,323.85,263.13,226.22,0.0,978.71,Travel
1129,43,18415,649,88.76,174.21,5.89,0.0,96.13,Travel
1130,50,98445,825,1195.12,116.17,70.88,1500.3,198.86,Cashback
1131,29,88802,698,1388.86,516.83,261.08,1127.79,1564.69,Cashback
1132,64,44871,640,582.43,141.79,215.38,0.0,704.47,Points
1133,39,184797,544,887.03,2003.2,994.21,151.53,558.09,Cashback
1134,39,58474,542,389.44,120.46,330.96,0.0,326.28,Travel
1135,27,34361,753,323.68,198.61,127.82,0.0,145.0,Travel
1136,30,56386,706,322.53,59.77,126.3,0.0,593.18,Travel
1137,37,175003,839,1078.02,1697.53,185.5,3059.05,3066.05,Points
1138,23,85033,685,860.53,666.66,396.25,411.56,261.9,Cashback
1139,36,42323,674,292.88,408.84,218.39,0.0,523.96,Cashback
1140,46,34843,593,489.2,344.95,55.05,0.0,270.38,Travel
1141,46,51282,639,447.18,575.38,98.46,0.0,1014.36,Cashback
1142,49,29521,795,171.81,216.68,26.57,0.0,255.06,Cashback
1143,47,135122,833,778.3,332.4,259.43,397.26,1775.5,Cashback
1144,53,28395,779,412.86,86.32,46.57,0.0,519.06,Travel
1145,29,71323,601,978.55,171.18,126.95,984.26,887.26,Travel
1146,20,37144,786,289.72,320.92,118.12,0.0,179.03,Travel
1147,57,70214,809,863.63,748.48,123.58,1386.02,1098.15,Travel
1148,42,63869,783,443.25,406.21,158.4,873.73,544.16,Travel
1149,30,34157,597,390.76,72.41,131.16,0.0,493.91,Points
1150,58,40507,578,170.94,83.44,157.17,0.0,554.95,Cashback
1151,31,42217,710,270.19,463.54,187.44,0.0,190.82,Cashback
1152,31,86867,636,1245.67,679.3,387.43,672.35,394.38,Points
1153,45,74169,671,587.42,166.14,0.0,603.74,995.35,Cashback
1154,49,41349,530,421.76,130.66,5.79,0.0,444.92,Points
1155,52,123605,649,983.9,808.38,64.27,1685.97,1767.55,Travel
1156,43,31591,776,299.48,345.61,182.6,0.0,290.64,Points
1157,27,83977,776,750.75,549.21,115.89,1598.92,396.37,Travel
1158,41,207709,768,1582.74,2417.73,103.85,1740.6,872.38,Cashback
1159,40,33787,601,333.14,161.5,144.61,0.0,330.44,Points
1160,33,127327,695,1140.85,129.87,440.55,213.91,2169.65,Cashback
1161,40,64780,784,893.96,325.2,374.43,978.18,743.67,Cashback
1162,34,91788,803,860.97,811.41,332.27,27.54,1775.18,Travel
1163,31,73542,770,429.49,829.55,139.73,833.97,366.24,Points
1164,64,82178,708,866.16,793.84,355.01,994.35,355.01,Points
1165,48,83522,706,888.67,972.2,60.14,481.09,1109.17,Cashback
1166,32,105531,644,1639.95,719.72,160.41,1399.34,2011.42,Travel
1167,25,20025,780,210.66,208.66,60.08,0.0,366.46,Points
1168,49,75513,680,635.82,673.58,61.92,261.27,330.75,Cashback
1169,28,156961,715,2100.14,1528.8,436.35,439.49,3120.38,Travel
1170,43,38529,620,214.22,318.25,182.63,0.0,619.55,Cashback
1171,61,36095,565,191.3,346.51,70.02,0.0,581.13,Cashback
1172,28,73396,684,1065.71,268.63,305.33,601.85,245.14,Cashback
1173,34,107405,724,1074.05,539.17,161.11,472.58,476.88,Points
1174,25,77065,593,340.63,115.6,107.89,1118.98,937.11,Cashback
1175,53,29623,705,396.36,328.82,136.27,0.0,330.0,Cashback
1176,26,51589,668,436.44,561.29,163.02,0.0,359.06,Cashback
1177,28,84909,675,540.02,448.32,319.26,621.53,838.9,Points
1178,35,92633,806,1180.14,120.42,40.76,1559.94,924.48,Points
1179,28,43429,854,355.25,337.01,204.98,0.0,806.04,Points
1180,29,124713,642,910.4,780.7,586.15,1558.91,1182.28,Points
1181,46,111454,781,751.2,207.3,209.53,1297.32,1694.1,Travel
1182,21,45758,768,484.12,128.12,60.4,0.0,295.6,Points
1183,36,46366,856,431.2,256.87,123.33,0.0,612.96,Points
1184,40,50712,664,801.25,227.19,159.24,0.0,452.35,Travel
1185,25,83256,688,1074.0,792.6,19.98,962.44,539.5,Cashback
1186,18,47256,666,195.64,290.15,201.31,0.0,809.02,Travel
1187,46,26391,659,371.59,109.79,59.12,0.0,291.88,Travel
1188,61,54341,642,630.36,230.41,35.87,0.0,401.04,Points
1189,23,74597,722,353.59,629.6,331.21,1041.37,610.2,Travel
1190,25,88635,614,1162.89,117.0,118.77,1286.98,503.45,Travel
1191,24,138328,780,1247.72,329.22,60.86,1726.33,1964.26,Points
1192,44,20249,734,151.06,84.64,54.27,0.0,313.05,Cashback
1193,18,68659,724,1027.14,105.73,248.55,936.51,1219.38,Cashback
1194,27,93501,652,1204.29,931.27,375.87,1082.74,1471.71,Travel
1195,37,76561,784,979.98,710.49,199.06,457.83,551.24,Points
1196,56,52453,776,295.83,107.0,276.95,0.0,147.92,Cashback
1197,32,68020,793,304.73,594.49,138.76,1235.24,617.62,Points
1198,59,68375,761,332.3,686.49,408.88,496.4,382.9,Points
1199,31,70704,698,964.4,455.33,70.7,80.6,581.19,Points
1200,25,75119,776,769.22,366.58,57.09,716.64,1114.77,Cashback
1201,25,39676,781,261.07,317.41,88.87,0.0,330.1,Cashback
1202,28,32600,868,312.31,246.46,63.9,0.0,443.36,Cashback
1203,25,58257,761,555.77,304.1,158.46,0.0,648.98,Cashback
1204,54,55324,619,639.55,651.72,102.9,0.0,341.9,Cashback
1205,35,137288,720,1043.39,529.93,697.42,1658.44,1087.32,Travel
1206,35,36575,677,163.86,371.6,117.77,0.0,163.12,Points
1207,25,75533,787,932.08,234.15,356.52,1131.48,856.54,Points
1208,33,47733,847,204.3,540.34,234.85,0.0,604.3,Cashback
1209,45,79784,753,319.14,414.88,456.36,907.94,410.09,Travel
1210,59,60254,724,939.96,269.94,1.21,114.48,1160.49,Cashback
1211,24,66057,744,862.7,198.17,7.93,887.81,328.96,Cashback
1212,42,105393,740,520.64,583.88,501.67,204.46,1338.49,Cashback
1213,32,65665,800,269.23,685.54,181.24,1071.65,1061.15,Points
1214,50,183897,574,2512.03,360.44,746.62,1754.38,2581.91,Travel
1215,24,118347,784,577.53,478.12,168.05,828.43,939.68,Points
1216,40,63326,851,366.02,633.26,309.03,773.84,278.63,Travel
1217,54,113315,798,1144.48,625.5,224.36,210.77,503.12,Cashback
1218,31,59531,637,453.63,301.23,94.06,0.0,1084.65,Points
1219,30,75453,888,642.86,561.37,381.79,1309.86,276.16,Cashback
1220,28,51209,670,306.23,609.39,285.75,0.0,877.72,Points
1221,32,145085,649,1288.35,1540.8,235.04,301.78,1189.7,Travel
1222,25,66224,655,309.93,450.32,54.3,86.09,880.78,Cashback
1223,25,116861,667,1577.62,1236.39,130.88,1465.44,2332.55,Cashback
1224,61,98452,608,736.42,1096.76,110.27,1874.53,511.95,Cashback
1225,18,35521,799,341.0,232.31,60.39,0.0,608.12,Points
1226,46,73717,733,973.06,501.28,325.83,619.22,318.46,Cashback
1227,32,62409,731,755.15,647.81,122.32,1062.2,202.21,Cashback
1228,45,33855,738,503.09,303.34,148.96,0.0,542.36,Cashback
1229,29,131124,704,1431.87,747.41,485.16,2155.68,889.02,Cashback
1230,44,47572,690,224.54,168.4,259.74,0.0,98.95,Travel
1231,31,95887,724,404.64,327.93,180.27,1098.87,1856.37,Points
1232,33,187920,630,1360.54,661.48,420.94,849.4,642.69,Points
1233,55,50283,792,287.62,519.93,272.53,0.0,127.72,Points
1234,46,31347,789,278.36,78.99,10.03,0.0,494.66,Points
1235,24,67872,804,1065.59,104.52,261.99,849.76,447.96,Cashback
1236,19,94615,645,1061.58,336.83,546.87,1288.66,1175.12,Travel
1237,56,62754,657,956.37,215.87,149.35,1253.82,973.94,Cashback
1238,53,56929,874,756.02,621.66,189.0,0.0,919.97,Cashback
1239,36,40910,663,424.65,468.01,72.82,0.0,818.2,Cashback
1240,44,65908,672,400.72,300.54,105.45,912.17,1012.35,Travel
1241,30,53154,651,711.2,79.73,222.18,0.0,1001.42,Points
1242,33,150623,670,1298.37,888.68,798.3,2629.88,2696.15,Cashback
1243,34,98648,749,505.08,1061.45,29.59,1126.56,392.62,Cashback
1244,33,105078,663,1006.65,1153.76,279.51,773.37,1445.87,Travel
1245,29,34909,795,549.47,270.89,50.27,0.0,330.94,Points
1246,24,97630,597,1128.6,495.96,349.52,130.82,909.91,Travel
1247,64,17491,788,194.15,156.37,102.85,0.0,312.04,Points
1248,29,50558,627,657.25,52.58,209.31,0.0,1006.1,Points
1249,31,43786,619,277.6,409.84,139.24,0.0,146.25,Points
1250,28,62130,559,596.45,606.39,208.76,539.29,493.31,Cashback
1251,40,28699,568,332.33,222.7,70.03,0.0,180.8,Cashback
1252,37,35116,743,356.78,141.17,113.07,0.0,670.01,Cashback
1253,48,45936,784,456.6,428.12,248.05,0.0,824.09,Travel
1254,26,90104,697,470.34,825.35,19.82,1263.26,484.76,Cashback
1255,19,36900,569,338.0,121.03,154.98,0.0,316.6,Cashback
1256,29,95020,732,811.47,477.0,172.94,184.34,1742.67,Cashback
1257,29,61518,707,366.65,485.99,127.96,242.38,343.27,Cashback
1258,32,58756,662,535.85,665.12,45.83,0.0,633.39,Travel
1259,50,41208,626,491.2,475.54,84.06,0.0,284.34,Points
1260,43,67868,731,285.05,260.61,162.88,929.79,853.78,Points
1261,48,57784,545,322.43,329.37,292.39,0.0,895.65,Cashback
1262,23,60025,730,672.28,709.5,127.25,821.14,774.32,Points
1263,66,35604,739,353.19,210.78,30.62,0.0,106.1,Travel
1264,68,64624,746,576.45,429.1,64.62,1028.81,869.84,Points
1265,37,36113,678,364.74,233.29,209.46,0.0,288.18,Travel
1266,22,59847,691,405.76,343.52,344.72,0.0,360.28,Cashback
1267,39,108944,588,1499.07,856.3,427.06,2026.36,1324.76,Travel
1268,25,98344,698,546.79,548.76,206.52,143.58,1209.63,Points
1269,34,44483,733,239.32,432.37,85.41,0.0,532.02,Points
1270,46,26240,845,145.37,245.08,132.25,0.0,443.46,Travel
1271,54,61117,768,644.17,603.84,234.69,257.91,465.71,Points
1272,35,41253,617,524.74,376.23,214.52,0.0,262.37,Points
1273,28,79613,677,859.82,542.96,167.19,1359.79,428.32,Travel
1274,22,89591,738,1116.3,439.0,225.77,1376.12,940.71,Points
1275,54,110232,634,1668.91,672.42,171.96,1748.28,1481.52,Points
1276,36,42890,714,372.29,407.45,123.52,0.0,136.39,Travel
1277,34,66774,720,345.89,733.18,357.91,217.68,797.28,Points
1278,23,107103,750,1238.11,888.95,595.49,601.92,1904.29,Cashback
1279,36,35772,568,386.34,155.97,150.96,0.0,494.37,Points
1280,27,143290,778,587.49,1581.92,828.22,1831.25,2582.09,Cashback
1281,48,32752,755,136.25,198.48,120.53,0.0,648.49,Cashback
1282,55,97513,784,928.32,1058.99,353.0,393.95,353.0,Travel
1283,27,54572,796,345.99,273.95,205.19,0.0,973.56,Points
1284,46,60443,699,303.42,469.04,210.34,415.85,771.25,Cashback
1285,50,66836,590,592.17,534.69,318.14,1187.01,671.03,Points
1286,27,58767,558,860.35,632.33,86.98,0.0,1073.09,Travel
1287,29,50761,725,228.42,453.8,201.01,0.0,361.42,Cashback
1288,44,42231,659,201.86,152.88,130.07,0.0,131.76,Cashback
1289,29,29778,738,264.43,313.86,106.01,0.0,455.6,Travel
1290,25,25534,715,289.04,91.92,16.34,0.0,205.8,Points
1291,35,90364,707,1129.55,321.7,374.11,281.94,916.29,Cashback
1292,51,92866,752,1041.96,687.21,354.75,427.18,1506.29,Travel
1293,23,20422,808,150.71,219.33,62.08,0.0,45.75,Cashback
1294,25,42760,524,275.37,200.97,207.81,0.0,441.28,Travel
1295,54,132478,537,752.48,1086.32,373.59,1388.37,2601.87,Cashback
1296,37,84356,831,1309.21,369.48,150.15,1008.9,723.77,Travel
1297,44,52509,852,276.2,537.69,129.17,0.0,108.17,Cashback
1298,50,73976,629,449.77,272.23,150.91,437.94,686.5,Points
1299,30,43762,537,462.13,240.69,7.88,0.0,140.04,Points
1300,47,43529,762,417.88,421.36,58.33,0.0,383.06,Cashback
1301,27,97806,737,1416.23,627.91,144.75,35.21,1678.35,Points
1302,59,77172,643,887.48,299.43,49.39,115.76,236.15,Travel
1303,24,91519,856,893.23,849.3,25.63,1682.12,938.98,Cashback
1304,57,35084,814,420.31,209.8,162.79,0.0,542.4,Travel
1305,44,58622,831,239.18,357.59,308.35,0.0,821.88,Travel
1306,30,35650,716,409.26,88.41,118.36,0.0,492.68,Travel
1307,31,41126,867,528.06,282.95,164.5,0.0,599.62,Points
1308,44,50056,767,339.38,53.06,133.15,0.0,311.35,Travel
1309,42,35756,668,553.5,349.69,76.52,0.0,692.24,Travel
1310,58,36336,766,438.94,86.48,181.68,0.0,339.38,Points
1311,45,72475,765,685.61,201.48,55.08,443.55,894.34,Travel
1312,42,105826,898,1528.13,446.59,556.64,922.8,1111.17,Travel
1313,42,41628,781,546.16,435.43,184.0,0.0,482.88,Travel
1314,31,138755,824,1076.74,760.38,63.83,510.62,1157.22,Cashback
1315,38,51267,659,547.53,200.97,41.01,0.0,238.9,Points
1316,24,41544,686,396.33,113.0,156.21,0.0,110.51,Travel
1317,23,119753,748,967.6,819.11,670.62,1417.88,1568.76,Cashback
1318,46,20712,748,146.64,215.82,65.04,0.0,120.96,Cashback
1319,23,73488,550,1003.85,335.11,8.82,358.62,801.02,Travel
1320,42,44330,616,201.26,134.76,21.28,0.0,164.91,Points
1321,45,51111,577,470.22,169.69,59.29,0.0,747.24,Travel
1322,26,55843,706,817.54,589.7,177.58,0.0,825.36,Points
1323,22,112377,677,842.83,1013.64,307.91,1508.1,1753.08,Travel
1324,34,31997,747,395.48,295.01,17.28,0.0,263.66,Points
1325,49,57790,656,580.21,485.44,143.32,0.0,787.1,Points
1326,33,83853,722,774.8,979.4,373.98,387.4,1474.14,Points
1327,58,57795,540,414.97,413.81,125.99,0.0,923.56,Travel
1328,36,67642,706,1067.39,626.36,82.52,190.75,1320.37,Cashback
1329,31,18520,635,238.91,72.6,52.97,0.0,163.72,Cashback
1330,23,32832,700,359.18,247.55,73.54,0.0,405.15,Points
1331,57,138460,850,791.99,1085.53,523.38,1733.52,661.84,Points
1332,61,58275,632,602.56,173.66,141.03,0.0,1011.65,Points
1333,52,32173,614,240.01,285.7,137.7,0.0,486.46,Points
1334,28,27073,582,308.09,222.54,73.1,0.0,223.62,Travel
1335,62,129244,858,1284.69,1481.14,279.17,1737.04,1992.94,Cashback
1336,26,110481,746,1423.0,890.48,369.01,2194.15,1310.3,Points
1337,46,17399,614,173.64,61.59,35.49,0.0,98.13,Cashback
1338,59,13042,802,183.11,93.12,26.61,0.0,239.97,Travel
1339,43,40970,717,604.72,313.83,79.48,0.0,106.52,Travel
1340,28,70096,723,1111.72,573.39,176.64,632.27,1149.57,Points
1341,50,96366,775,1320.21,757.44,306.44,237.06,1106.28,Cashback
1342,57,91733,603,432.98,172.46,181.63,1585.15,532.05,Points
1343,22,60390,698,909.47,530.22,195.66,653.42,400.99,Points
1344,28,165171,755,2176.95,1410.56,442.66,815.94,2183.56,Cashback
1345,25,44727,590,697.74,157.44,80.51,0.0,398.07,Travel
1346,26,32810,580,381.25,372.07,25.59,0.0,609.61,Cashback
1347,39,152531,759,841.97,1388.03,579.62,350.82,396.58,Points
1348,25,148416,672,1098.28,1285.28,724.27,1009.23,1632.58,Cashback
1349,29,32869,557,446.36,134.76,180.12,0.0,617.94,Travel
1350,31,48009,727,675.01,524.26,186.27,0.0,103.7,Travel
1351,57,124181,735,1077.89,1005.87,481.82,610.97,2369.37,Cashback
1352,20,60368,747,398.43,517.96,361.0,1149.41,693.02,Points
1353,31,50401,779,522.15,355.83,156.24,0.0,122.98,Points
1354,38,71130,611,351.38,721.26,197.74,985.86,961.68,Cashback
1355,52,110832,780,1181.47,1272.35,416.73,565.24,237.18,Cashback
1356,34,36904,737,258.33,257.59,42.07,0.0,104.81,Cashback
1357,49,72825,677,420.93,302.95,30.59,903.03,1364.74,Points
1358,33,101173,631,1110.88,888.3,447.18,358.15,1855.51,Cashback
1359,47,62900,645,420.17,361.05,265.44,1152.33,496.91,Points
1360,36,63245,523,303.58,551.5,94.87,93.6,375.68,Points
1361,51,66888,658,577.91,230.09,315.71,1088.94,912.35,Cashback
1362,31,112362,576,552.82,824.74,653.95,2211.28,1292.16,Points
1363,30,36525,731,291.47,145.37,3.65,0.0,132.22,Cashback
1364,67,72702,737,1137.06,809.9,74.16,1091.98,241.37,Cashback
1365,28,98690,762,868.47,1067.83,217.12,609.9,457.92,Points
1366,57,105547,655,1688.75,709.28,19.0,2011.73,654.39,Travel
1367,60,59017,664,316.33,292.72,43.67,0.0,596.07,Cashback
1368,56,23240,823,347.67,126.89,60.42,0.0,158.96,Travel
1369,27,81601,698,434.12,920.46,151.78,205.63,398.21,Points
1370,22,75648,702,685.37,584.0,432.71,1155.9,402.45,Cashback
1371,32,40048,657,218.66,183.42,50.46,0.0,366.84,Travel
1372,31,31634,776,256.24,43.02,78.45,0.0,156.27,Cashback
1373,55,235183,635,3697.08,2483.53,1006.58,3142.04,3659.45,Points
1374,36,63111,797,891.13,353.42,44.18,714.42,970.65,Cashback
1375,62,122709,531,1025.85,669.99,93.26,714.17,306.77,Points
1376,43,40827,593,545.45,468.69,8.17,0.0,191.89,Travel
1377,53,31272,641,197.64,76.3,48.16,0.0,242.05,Travel
1378,23,141949,726,772.2,215.76,505.34,1251.99,1609.7,Points
1379,32,93657,814,743.64,831.67,423.33,110.52,876.63,Cashback
1380,38,109624,663,1330.84,629.24,162.24,1800.03,2080.66,Travel
1381,48,136894,630,714.59,977.42,807.67,1574.28,1514.05,Cashback
1382,55,56533,603,469.22,655.78,298.49,0.0,116.46,Cashback
1383,21,43458,740,236.41,133.85,8.69,0.0,810.06,Points
1384,22,43632,675,679.79,150.97,129.15,0.0,109.95,Cashback
1385,39,28657,534,345.6,151.88,115.77,0.0,385.72,Travel
1386,51,160162,818,2251.88,695.1,304.31,2476.1,2834.87,Points
1387,35,93412,779,530.58,295.18,20.55,145.72,1834.61,Cashback
1388,25,72396,696,482.16,819.52,173.75,715.27,1408.83,Travel
1389,24,98807,746,798.36,630.39,579.01,1897.09,531.58,Cashback
1390,29,59428,731,553.87,168.78,247.22,0.0,754.74,Cashback
1391,41,31307,724,169.06,249.2,179.7,0.0,212.26,Points
1392,26,100861,551,1395.92,215.84,181.55,968.27,270.31,Cashback
1393,47,41101,649,562.26,216.19,183.31,0.0,101.93,Cashback
1394,48,15911,744,160.7,174.38,35.0,0.0,261.58,Points
1395,41,55930,743,230.43,630.89,12.3,0.0,1097.35,Travel
1396,51,65960,585,926.08,660.92,3.96,522.4,1096.26,Cashback
1397,24,73284,633,652.23,596.53,357.63,61.56,879.41,Cashback
1398,30,85773,765,737.65,228.16,504.35,368.82,787.4,Cashback
1399,26,50316,686,707.44,495.11,164.03,0.0,835.25,Travel
1400,25,46092,677,603.81,455.39,228.62,0.0,752.22,Cashback
1401,35,172181,672,2345.11,568.2,482.11,1938.76,950.44,Cashback
1402,42,42836,628,381.24,71.11,204.76,0.0,251.02,Points
1403,49,50055,638,515.57,145.16,137.15,0.0,112.12,Cashback
1404,51,28331,596,273.11,101.99,67.99,0.0,294.64,Travel
1405,28,45040,724,411.67,411.67,215.29,0.0,361.22,Cashback
1406,26,66821,865,946.19,743.05,343.46,1212.13,956.88,Travel
1407,43,73960,554,1002.9,245.55,183.42,579.85,933.38,Cashback
1408,63,56202,587,658.69,641.83,16.86,0.0,1037.49,Cashback
1409,41,32164,823,431.64,95.85,71.4,0.0,80.41,Cashback
1410,23,84485,873,1018.89,618.43,179.11,1317.97,775.57,Travel
1411,22,66187,803,832.63,271.37,68.83,1118.56,152.23,Travel
1412,34,63684,694,985.83,752.74,294.22,207.61,149.02,Travel
1413,30,35491,738,376.91,259.79,139.83,0.0,645.23,Cashback
1414,21,73938,867,965.63,768.96,183.37,448.06,1283.56,Points
1415,33,11263,699,174.13,127.05,66.68,0.0,113.98,Cashback
1416,29,50984,727,546.55,106.05,278.37,0.0,832.06,Travel
1417,27,58549,673,425.07,646.38,348.95,0.0,535.14,Travel
1418,35,43550,806,528.7,229.94,204.69,0.0,406.76,Cashback
1419,40,71911,676,532.14,512.01,172.59,537.89,1395.07,Cashback
1420,46,39586,735,312.73,391.9,150.43,0.0,456.03,Cashback
1421,56,57254,641,301.16,240.47,294.29,0.0,435.13,Cashback
1422,36,40210,832,499.41,443.92,112.59,0.0,323.29,Cashback
1423,22,49421,740,232.28,298.5,19.77,0.0,268.85,Travel
1424,39,38712,677,465.32,428.15,26.32,0.0,400.28,Travel
1425,47,116975,658,790.75,168.44,67.85,2018.99,325.19,Cashback
1426,27,53792,702,280.79,547.6,260.35,0.0,406.67,Travel
1427,22,56660,748,464.61,182.45,294.63,0.0,377.36,Travel
1428,30,77435,690,342.26,568.37,337.62,1050.02,907.54,Points
1429,61,51987,703,379.51,473.08,296.33,0.0,1031.42,Points
1430,43,104324,721,1304.05,271.24,602.99,515.36,1506.44,Cashback
1431,42,58532,787,434.31,224.76,182.62,0.0,862.76,Travel
1432,43,52221,615,555.63,317.5,190.08,0.0,998.47,Travel
1433,24,89200,629,870.59,469.19,310.42,761.77,1070.4,Cashback
1434,23,32712,697,325.16,329.74,111.88,0.0,207.39,Travel
1435,49,51172,753,575.17,560.85,260.98,0.0,735.85,Cashback
1436,54,30239,736,254.01,294.53,20.56,0.0,127.0,Travel
1437,25,103344,622,801.95,897.03,570.46,897.03,413.38,Points
1438,49,61074,766,577.76,480.04,191.77,432.4,629.06,Travel
1439,39,63783,745,603.39,387.8,290.85,553.64,285.75,Points
1440,29,138645,617,1411.41,596.17,230.15,2323.69,2129.59,Travel
1441,31,60512,586,243.26,655.95,142.81,369.12,1169.09,Points
1442,37,46802,572,620.59,192.82,251.79,0.0,207.8,Cashback
1443,26,53840,571,473.79,375.8,65.68,0.0,373.65,Cashback
1444,32,68294,539,424.79,340.1,316.88,551.82,378.35,Points
1445,24,43845,613,298.15,409.51,171.87,0.0,250.79,Points
1446,36,105203,794,584.93,774.29,134.66,277.74,1441.28,Cashback
1447,58,65024,632,933.74,381.04,241.89,975.36,1095.0,Travel
1448,48,43240,681,437.59,443.64,122.8,0.0,678.87,Cashback
1449,25,41953,599,306.26,262.63,33.56,0.0,654.47,Points
1450,63,95805,601,1276.12,1027.03,231.85,858.41,1732.15,Points
1451,26,118259,812,920.06,1069.06,217.6,1244.08,1556.29,Travel
1452,47,66378,756,935.93,118.15,371.72,949.21,322.6,Cashback
1453,30,95290,696,1393.14,571.74,516.47,1680.92,585.08,Cashback
1454,26,67455,860,380.45,245.54,287.36,558.53,312.99,Cashback
1455,47,49663,753,392.34,344.66,42.71,0.0,413.2,Cashback
1456,54,25946,647,410.98,221.58,77.32,0.0,236.11,Travel
1457,36,87318,799,543.12,873.18,431.35,1044.32,354.51,Travel
1458,52,95115,729,452.75,395.68,504.11,1519.94,1247.91,Travel
1459,33,82036,729,1202.65,725.2,300.25,339.63,1542.28,Cashback
1460,21,37900,727,498.01,382.03,11.37,0.0,460.86,Cashback
1461,32,19543,699,131.33,116.09,30.1,0.0,345.13,Travel
1462,24,49245,576,451.08,206.83,92.58,0.0,881.49,Points
1463,28,163857,641,1677.9,1638.57,629.21,2939.59,2054.77,Points
1464,37,58487,791,550.95,94.75,25.73,0.0,777.88,Cashback
1465,30,75656,608,895.77,295.06,326.83,1098.53,1071.29,Travel
1466,35,83450,842,1039.79,639.23,448.96,390.55,1623.94,Points
1467,24,43993,769,660.77,305.31,174.21,0.0,855.22,Travel
1468,50,42446,713,401.54,290.33,21.22,0.0,104.42,Cashback
1469,21,44120,564,333.55,323.84,243.54,0.0,585.03,Travel
1470,47,25951,678,143.25,153.11,65.92,0.0,472.83,Travel
1471,42,40155,577,502.74,305.98,201.58,0.0,730.02,Travel
1472,46,85710,776,755.96,1001.09,80.57,1606.21,978.81,Travel
1473,25,178369,648,1962.06,481.6,856.17,2465.06,3378.31,Travel
1474,39,54488,749,306.22,176.54,290.97,0.0,187.44,Points
1475,24,66980,630,538.52,359.01,266.58,953.8,1036.85,Points
1476,32,33101,815,241.64,292.61,103.94,0.0,279.37,Travel
1477,54,32009,746,144.04,356.58,54.42,0.0,392.43,Cashback
1478,27,34962,638,398.57,47.55,121.67,0.0,674.07,Travel
1479,26,78817,830,849.65,523.34,424.04,583.25,807.09,Travel
1480,25,135987,875,916.55,451.48,138.71,1281.0,1017.18,Travel
1481,37,139701,665,1019.82,829.82,215.14,1656.85,2112.28,Points
1482,33,49889,604,702.44,561.75,28.94,0.0,700.44,Points
1483,52,52197,589,223.4,210.88,92.91,0.0,182.69,Cashback
1484,41,86127,784,570.16,409.96,34.45,1121.37,1198.89,Travel
1485,38,62555,712,596.77,576.76,155.14,759.42,395.35,Travel
1486,40,164233,685,2263.13,785.03,137.96,88.69,758.76,Travel
1487,32,38069,712,219.28,351.0,80.71,0.0,534.49,Travel
1488,60,53581,709,711.56,79.3,41.79,0.0,805.86,Points
1489,44,57790,714,775.54,613.73,320.16,0.0,1025.19,Cashback
1490,47,45367,554,243.17,57.16,22.68,0.0,619.71,Points
1491,35,48563,685,574.99,414.73,151.52,0.0,678.91,Cashback
1492,35,108247,689,1047.83,688.45,313.92,145.05,1517.62,Cashback
1493,40,94489,692,687.88,164.41,164.41,1192.45,1453.24,Points
1494,23,45521,748,504.37,290.42,207.58,0.0,430.63,Cashback
1495,37,87754,812,1374.23,733.62,426.48,449.3,1023.21,Points
1496,43,58625,811,613.22,660.12,100.84,0.0,544.04,Cashback
1497,43,49742,778,788.91,466.58,5.97,0.0,910.28,Points
1498,25,73457,755,465.72,619.98,232.12,1435.35,1145.93,Points
1499,46,22520,597,274.74,120.71,114.85,0.0,366.63,Cashback
1500,20,69114,709,590.23,464.45,286.13,1029.8,1226.08,Travel
1501,53,76180,646,982.72,184.36,83.8,274.25,1142.7,Cashback
1502,33,144539,741,1370.23,263.06,104.07,815.2,696.68,Points
1503,50,42442,726,584.0,464.32,13.58,0.0,593.34,Points
1504,61,131215,794,1152.07,939.5,102.35,446.13,2018.09,Points
1505,26,58228,651,859.45,361.01,193.32,0.0,565.98,Cashback
1506,32,115230,727,1458.81,343.39,373.35,689.08,2145.58,Points
1507,19,95062,798,1317.56,298.49,456.3,1819.49,1762.45,Travel
1508,36,37028,596,356.21,259.94,47.4,0.0,286.6,Travel
1509,30,61487,637,439.02,499.27,7.38,1003.47,484.52,Travel
1510,21,31703,709,418.48,303.71,8.88,0.0,537.68,Points
1511,44,29954,778,122.81,134.19,96.45,0.0,160.55,Cashback
1512,48,45621,765,265.51,114.96,92.15,0.0,502.74,Cashback
1513,28,70808,766,1121.6,397.94,128.87,382.36,385.2,Cashback
1514,32,107464,649,464.24,277.26,62.33,1016.61,1502.35,Travel
1515,20,24217,761,116.73,71.2,33.9,0.0,199.55,Points
1516,50,33314,723,525.03,51.3,76.62,0.0,94.61,Travel
1517,28,72062,768,570.73,634.15,348.78,69.18,278.16,Travel
1518,20,60866,802,293.37,409.02,51.13,303.11,933.68,Travel
1519,51,169499,669,1155.98,1339.04,115.26,1623.8,2478.08,Points
1520,23,28719,615,367.03,50.55,137.28,0.0,384.26,Travel
1521,48,47258,749,681.46,469.74,36.86,0.0,608.68,Cashback
1522,48,75151,645,757.52,709.43,293.09,1289.59,584.67,Cashback
1523,24,38706,767,548.85,165.66,129.28,0.0,164.11,Points
1524,22,50065,758,544.71,432.56,115.15,0.0,980.27,Cashback
1525,46,39387,694,233.96,371.03,81.92,0.0,361.57,Points
1526,33,85062,856,1231.7,469.54,294.31,879.54,1393.32,Points
1527,67,28290,737,263.1,89.96,97.88,0.0,129.0,Travel
1528,29,32368,700,433.73,249.23,85.45,0.0,211.04,Cashback
1529,27,83291,721,578.04,904.54,149.92,869.56,1505.9,Travel
1530,45,37242,736,487.13,344.86,84.91,0.0,316.56,Travel
1531,41,74306,760,662.81,208.06,301.68,900.59,509.74,Cashback
1532,21,40408,551,235.17,405.7,38.79,0.0,634.41,Travel
1533,37,47821,776,372.05,513.6,267.8,0.0,205.63,Travel
1534,25,47019,778,419.41,350.76,132.59,0.0,735.38,Travel
1535,47,115286,690,1489.5,1044.49,412.72,207.51,576.43,Points
1536,30,66359,608,836.12,749.86,200.4,453.9,542.82,Cashback
1537,38,39892,837,387.75,45.48,173.13,0.0,187.49,Points
1538,25,106045,773,1225.88,523.86,458.11,1802.76,233.3,Points
1539,31,72368,816,453.02,325.66,31.84,180.92,768.55,Travel
1540,33,77630,703,925.35,855.48,209.6,360.2,889.64,Travel
1541,33,93055,639,1265.55,770.5,204.72,666.27,197.28,Points
1542,51,95651,630,870.42,309.91,281.21,1298.94,531.82,Cashback
1543,33,47308,715,580.94,535.53,181.66,0.0,490.11,Points
1544,44,54461,720,307.16,617.59,106.74,0.0,1087.04,Travel
1545,22,28910,632,143.39,299.51,39.32,0.0,122.58,Travel
1546,26,37481,893,433.28,271.36,161.17,0.0,256.37,Points
1547,36,60117,571,438.85,68.53,46.89,181.55,146.69,Points
1548,39,140186,685,1127.1,1216.81,717.75,1763.54,1794.38,Points
1549,55,102093,821,1169.99,675.86,138.85,957.63,698.32,Cashback
1550,48,47063,624,188.25,395.33,94.13,0.0,379.33,Travel
1551,22,34563,754,273.05,209.45,111.98,0.0,116.13,Travel
1552,31,47327,700,352.11,535.74,242.31,0.0,804.56,Travel
1553,23,33248,563,218.11,90.43,175.55,0.0,651.66,Points
1554,35,84873,688,1201.8,113.73,334.4,925.12,638.24,Cashback
1555,32,42663,733,611.79,504.28,244.03,0.0,569.12,Cashback
1556,31,38709,770,586.83,245.42,48.77,0.0,648.76,Cashback
1557,24,119359,623,556.21,1002.62,274.53,336.59,1819.03,Cashback
1558,46,38106,638,530.44,313.23,126.51,0.0,711.82,Cashback
1559,25,23103,601,200.07,264.3,69.31,0.0,60.07,Points
1560,24,58729,566,574.37,667.16,81.05,0.0,223.17,Points
1561,40,69181,712,1041.87,70.56,63.65,925.64,838.47,Travel
1562,38,83596,554,1335.86,732.3,157.16,1243.91,1626.78,Travel
1563,60,93987,622,1037.62,629.71,443.62,112.78,736.86,Points
1564,41,51403,837,579.83,424.59,147.01,0.0,785.44,Points
1565,36,152240,639,852.54,1230.1,685.08,563.29,1811.66,Cashback
1566,50,53555,809,253.85,449.86,211.01,0.0,733.7,Travel
1567,38,93268,724,990.51,537.22,285.4,343.23,1165.85,Cashback
1568,41,26143,664,249.4,81.57,3.66,0.0,362.34,Points
1569,52,56316,591,384.08,148.67,43.93,0.0,298.47,Travel
1570,20,85132,709,1081.18,379.69,97.05,858.13,606.14,Cashback
1571,29,98441,812,840.69,738.31,427.23,1888.1,1537.65,Travel
1572,37,54800,801,533.75,480.05,314.55,0.0,761.72,Travel
1573,24,67950,736,850.73,358.78,320.72,674.06,1126.61,Cashback
1574,31,66731,833,712.69,393.71,230.89,369.69,189.52,Cashback
1575,26,58623,602,597.95,552.23,138.35,0.0,1145.49,Cashback
1576,32,63549,689,538.9,715.56,17.79,849.01,433.4,Travel
1577,32,132770,739,701.03,531.08,629.33,1654.31,1885.33,Cashback
1578,35,111592,858,841.4,216.49,129.45,2153.73,374.95,Cashback
1579,35,42265,779,329.67,371.93,185.12,0.0,780.21,Cashback
1580,21,93703,747,550.97,1049.47,504.12,1570.46,1503.0,Points
1581,23,58447,656,426.66,181.19,158.98,0.0,130.92,Cashback
1582,49,83864,629,1049.98,139.21,353.91,1080.17,563.57,Points
1583,32,39181,693,280.54,428.64,201.39,0.0,319.72,Travel
1584,49,40221,759,500.35,296.03,173.75,0.0,122.27,Points
1585,47,58378,623,472.86,136.6,295.39,0.0,120.26,Points
1586,25,45811,644,369.24,429.71,210.73,0.0,568.06,Cashback
1587,31,46807,850,385.69,68.34,58.98,0.0,288.33,Cashback
1588,22,80185,647,670.35,181.22,424.98,1194.76,256.59,Travel
1589,49,46583,617,521.73,92.23,66.15,0.0,526.39,Travel
1590,56,25494,844,165.71,163.16,152.45,0.0,248.31,Cashback
1591,31,95206,845,535.06,165.66,74.26,159.95,992.05,Cashback
1592,30,56517,685,625.08,299.54,227.2,0.0,425.01,Cashback
1593,33,122365,774,1835.47,795.37,494.35,792.93,2334.72,Cashback
1594,31,34190,801,349.42,178.47,160.01,0.0,635.25,Cashback
1595,43,56871,715,500.46,152.41,154.69,0.0,280.94,Cashback
1596,25,76598,733,1199.52,844.11,205.28,356.95,1414.0,Cashback
1597,35,57887,798,610.13,61.36,53.26,0.0,434.15,Travel
1598,24,37477,617,288.57,425.74,194.88,0.0,278.08,Points
1599,19,38136,538,299.75,298.99,96.87,0.0,386.7,Points
1600,64,53498,576,824.94,232.18,155.14,0.0,1008.97,Travel
1601,41,43862,864,456.16,97.37,157.9,0.0,772.85,Points
1602,31,74987,648,914.84,647.89,293.95,527.91,455.92,Cashback
1603,55,25297,593,207.94,186.19,23.78,0.0,173.54,Travel
1604,44,58378,565,537.08,200.82,170.46,0.0,1036.79,Points
1605,44,55224,736,524.63,286.06,192.18,0.0,452.84,Cashback
1606,21,149196,719,1432.28,1184.62,826.55,1748.58,2590.04,Cashback
1607,45,51491,771,752.8,451.06,23.69,0.0,571.55,Points
1608,46,65804,728,326.39,627.77,138.19,277.69,157.93,Travel
1609,33,133528,698,1121.64,1292.55,419.28,2005.59,980.1,Cashback
1610,31,34248,777,337.0,271.93,21.23,0.0,215.08,Travel
1611,25,52656,774,635.03,522.35,286.45,0.0,457.05,Cashback
1612,35,49244,698,260.99,334.86,113.26,0.0,858.82,Points
1613,37,77801,683,496.37,259.86,336.1,1476.66,1073.65,Cashback
1614,44,50899,839,324.74,457.07,277.91,0.0,179.16,Travel
1615,35,28860,599,255.7,202.6,35.79,0.0,387.88,Travel
1616,29,46885,724,525.11,445.41,152.85,0.0,859.87,Cashback
1617,29,94877,727,565.47,950.67,474.38,1252.38,1212.53,Travel
1618,47,30753,831,316.14,222.04,151.3,0.0,509.27,Travel
1619,33,30350,589,342.35,54.02,74.66,0.0,586.36,Travel
1620,22,84083,729,785.34,497.77,184.98,729.84,282.52,Cashback
1621,30,22884,635,261.34,243.94,18.31,0.0,138.22,Points
1622,19,28027,864,321.19,180.49,2.8,0.0,537.56,Travel
1623,22,71390,678,535.42,588.25,222.74,128.5,1394.96,Cashback
1624,30,98844,618,682.02,423.05,427.01,1824.66,784.82,Travel
1625,25,53453,662,305.75,246.95,225.57,0.0,326.06,Cashback
1626,38,108888,805,1504.83,1080.17,640.26,1064.92,1243.5,Points
1627,21,93836,634,564.89,382.85,411.0,1859.83,624.95,Cashback
1628,23,96791,688,1374.43,813.04,261.34,1271.83,509.12,Cashback
1629,19,84221,619,387.42,301.51,407.63,907.9,1219.52,Cashback
1630,47,57757,676,346.54,97.03,216.01,0.0,601.83,Travel
1631,38,71832,609,716.88,623.5,179.58,377.84,349.1,Cashback
1632,29,15918,564,219.03,50.62,75.13,0.0,259.46,Cashback
1633,28,157531,554,1817.91,1717.09,658.48,2555.15,1099.57,Cashback
1634,26,33663,557,259.88,47.8,122.53,0.0,458.49,Travel
1635,34,101617,826,853.58,794.64,73.16,1442.96,1079.17,Travel
1636,23,57072,773,852.66,421.19,238.56,0.0,897.17,Travel
1637,32,100699,794,988.86,958.65,545.79,368.56,777.4,Cashback
1638,26,58378,683,800.95,407.48,110.92,0.0,1030.96,Cashback
1639,56,34799,769,241.51,177.47,41.76,0.0,471.18,Points
1640,24,69823,744,957.97,227.62,78.2,530.65,430.11,Cashback
1641,44,55623,661,277.0,76.76,241.4,0.0,179.11,Travel
1642,28,39983,646,248.69,104.76,59.17,0.0,102.36,Travel
1643,21,63636,642,832.36,733.09,90.36,951.99,240.54,Cashback
1644,43,43759,714,349.2,328.19,30.63,0.0,459.47,Points
1645,37,73316,661,1133.47,348.98,101.18,869.53,1259.57,Cashback
1646,19,44527,602,609.13,212.84,73.02,0.0,504.94,Points
1647,46,65429,649,816.55,281.34,294.43,581.01,372.95,Travel
1648,40,69727,730,914.82,468.57,36.26,852.06,1002.67,Travel
1649,35,60786,757,618.8,460.76,8.51,697.82,1184.11,Cashback
1650,21,86572,722,1000.77,554.06,282.22,1530.59,749.71,Cashback
1651,33,58339,789,716.4,512.22,33.84,0.0,142.35,Travel
1652,24,55333,725,867.62,310.97,47.59,0.0,838.85,Cashback
1653,41,51581,579,685.0,569.45,239.34,0.0,107.29,Points
1654,36,80889,696,776.53,556.52,265.32,1538.51,666.53,Travel
1655,22,62693,820,771.12,381.17,114.1,220.68,966.73,Cashback
1656,40,63784,768,804.95,108.43,223.24,297.23,870.01,Travel
1657,40,99353,639,1462.48,1049.17,164.93,906.1,1617.47,Cashback
1658,55,37405,691,596.98,80.05,70.32,0.0,747.35,Points
1659,25,76337,689,615.28,357.26,36.64,27.48,184.74,Points
1660,34,67939,714,826.14,145.39,77.45,42.12,228.28,Travel
1661,39,60755,820,416.78,330.51,194.42,905.25,501.84,Travel
1662,27,40329,699,425.07,465.4,200.84,0.0,625.91,Cashback
1663,49,52373,614,414.79,255.58,175.97,0.0,589.72,Travel
1664,55,94917,671,1235.82,1053.58,225.9,878.93,554.32,Points
1665,22,59858,615,714.7,189.15,353.16,0.0,227.46,Cashback
1666,19,139382,770,2210.6,1625.19,94.78,875.32,1304.62,Cashback
1667,43,60195,733,500.82,523.7,149.28,27.69,756.05,Points
1668,59,87504,839,1235.56,493.52,147.01,1177.8,572.28,Cashback
1669,28,37329,694,504.69,252.34,95.56,0.0,118.71,Cashback
1670,25,85167,678,868.7,199.29,45.99,579.14,219.73,Travel
1671,59,50995,552,252.94,106.07,114.23,0.0,324.33,Cashback
1672,42,75706,665,793.4,431.52,337.65,27.25,1002.35,Cashback
1673,43,24599,723,98.4,152.51,7.38,0.0,420.15,Cashback
1674,45,103914,698,825.08,756.49,388.64,1629.37,1637.68,Cashback
1675,21,70449,797,550.91,288.84,332.52,246.57,281.8,Points
1676,33,69708,697,1053.98,232.82,90.62,341.57,793.28,Points
1677,32,109998,678,673.19,1119.78,193.6,1423.37,395.99,Cashback
1678,19,85288,772,521.96,491.26,252.45,1219.62,619.19,Cashback
1679,50,62724,857,831.72,604.66,242.11,263.44,702.51,Travel
1680,24,24336,701,159.64,42.34,18.5,0.0,54.51,Points
1681,49,83141,632,666.79,304.3,359.17,759.91,1154.0,Cashback
1682,38,65687,740,503.16,152.39,67.0,447.99,210.2,Cashback
1683,20,110166,635,1604.02,401.0,647.78,1595.2,1480.63,Travel
1684,54,94036,716,1216.83,759.81,208.76,729.72,812.47,Travel
1685,49,78527,701,469.59,263.85,301.54,537.12,529.27,Cashback
1686,38,53285,788,826.98,472.11,119.36,0.0,847.23,Cashback
1687,36,13863,707,115.89,73.47,9.15,0.0,254.25,Travel
1688,51,68300,675,1079.14,297.79,381.11,948.0,418.0,Points
1689,41,26571,758,329.48,189.19,154.64,0.0,179.09,Travel
1690,29,105427,586,1168.13,849.74,533.46,1771.17,2104.32,Travel
1691,29,112990,644,1593.16,465.52,101.69,1249.67,1638.35,Cashback
1692,27,120392,859,587.51,353.95,211.89,2167.06,421.37,Points
1693,21,73744,636,376.09,129.79,64.89,446.89,541.28,Travel
1694,38,169761,647,923.5,1055.91,611.14,2930.07,2763.71,Points
1695,54,56271,658,830.56,391.65,109.17,0.0,612.23,Travel
1696,34,89783,665,418.39,483.03,396.84,1072.01,836.78,Cashback
1697,32,65397,643,817.46,145.18,184.42,1043.74,905.09,Cashback
1698,26,41960,538,167.84,349.11,230.78,0.0,140.15,Travel
1699,33,33951,684,177.9,195.56,149.38,0.0,96.42,Cashback
1700,47,133947,602,2111.0,589.37,509.0,1816.32,1023.36,Travel
1701,24,60893,606,460.35,499.32,175.37,159.54,1153.31,Travel
1702,35,45963,683,356.67,195.8,139.73,0.0,464.23,Travel
1703,28,54734,804,760.8,586.75,281.33,0.0,953.47,Travel
1704,53,31796,740,398.09,196.5,174.24,0.0,544.98,Travel
1705,22,80636,872,841.84,938.6,169.34,543.49,527.36,Cashback
1706,22,53103,723,311.18,451.38,62.66,0.0,1006.83,Points
1707,53,51235,765,680.4,576.91,281.79,0.0,144.48,Travel
1708,28,29939,611,318.55,213.76,146.1,0.0,363.46,Cashback
1709,37,58936,685,489.17,338.29,67.19,0.0,561.07,Points
1710,20,55175,519,824.31,250.49,136.83,0.0,632.31,Cashback
1711,29,149527,789,2287.76,430.64,861.28,113.64,1106.5,Cashback
1712,25,45247,616,717.62,262.43,251.57,0.0,381.88,Cashback
1713,40,34697,788,380.97,147.81,171.4,0.0,113.81,Cashback
1714,34,33313,843,176.56,225.86,6.66,0.0,283.83,Points
1715,50,65975,527,527.8,766.63,361.54,1198.11,424.88,Cashback
1716,33,38505,684,338.07,423.56,185.59,0.0,574.49,Travel
1717,35,73516,675,1017.46,714.58,383.75,123.51,1211.54,Points
1718,48,130015,578,1014.12,652.68,725.48,249.63,2501.49,Travel
1719,47,70552,699,1059.69,406.38,50.8,589.81,1233.25,Travel
1720,33,51677,558,273.89,314.2,270.79,0.0,467.16,Points
1721,43,65447,743,452.89,112.57,134.82,5.24,1098.2,Cashback
1722,27,26584,770,323.79,180.77,103.68,0.0,480.64,Cashback
1723,25,63703,628,433.18,341.45,220.41,933.89,982.3,Cashback
1724,19,31046,689,310.46,203.66,163.92,0.0,425.33,Cashback
1725,32,132327,623,1381.49,1426.49,428.74,1730.84,778.08,Cashback
1726,54,28696,743,370.75,118.8,125.11,0.0,189.97,Points
1727,28,29552,678,202.73,34.87,11.23,0.0,462.19,Points
1728,39,174959,767,748.82,192.45,132.97,2403.94,1942.04,Cashback
1729,57,83520,746,442.66,566.27,228.84,1192.67,1018.94,Cashback
1730,55,61356,701,705.59,619.7,38.04,1198.9,224.56,Cashback
1731,57,102934,838,432.32,642.31,409.68,1305.2,788.47,Cashback
1732,56,32550,817,442.68,51.43,117.18,0.0,450.49,Points
1733,28,97486,663,1009.95,528.37,97.49,0.0,1842.49,Travel
1734,27,107699,672,796.97,893.9,394.18,1350.55,1352.7,Points
1735,26,154209,741,1532.84,1461.9,320.75,1434.14,2732.58,Cashback
1736,41,137204,766,996.1,954.94,285.38,321.06,2634.32,Points
1737,32,80939,708,409.55,644.27,349.66,760.83,1097.53,Points
1738,39,46431,689,626.82,327.8,257.23,0.0,783.76,Cashback
1739,43,63184,705,884.58,79.61,66.98,931.33,607.83,Cashback
1740,34,60568,692,671.09,236.22,299.21,321.01,483.33,Cashback
1741,40,26168,693,397.23,33.5,98.92,0.0,273.72,Cashback
1742,56,39505,653,314.46,452.73,68.74,0.0,380.04,Points
1743,32,37991,673,404.22,40.27,77.5,0.0,265.18,Points
1744,27,107359,774,1211.01,1075.74,81.59,1110.09,974.82,Points
1745,46,74385,665,1025.03,535.57,438.87,842.04,193.4,Points
1746,55,148186,516,1250.69,180.79,678.69,1366.27,2575.47,Points
1747,32,56776,826,249.81,219.16,57.91,0.0,1120.76,Cashback
1748,25,181328,635,2081.65,587.5,961.04,1182.26,3249.4,Travel
1749,60,128722,734,772.33,576.67,447.95,895.91,2183.13,Points
1750,30,102230,846,1451.67,592.93,468.21,1737.91,729.92,Cashback
1751,31,51523,634,365.81,231.85,89.65,0.0,578.09,Cashback
1752,27,60255,731,886.95,112.07,178.35,1002.64,789.34,Points
1753,39,44886,645,434.5,209.17,194.81,0.0,702.02,Cashback
1754,35,27711,734,328.1,298.17,164.05,0.0,134.12,Points
1755,40,143927,824,1888.32,1211.87,135.29,2417.97,1974.68,Cashback
1756,21,19093,571,168.78,24.82,7.64,0.0,94.32,Travel
1757,31,101841,767,1582.61,547.9,494.95,1501.14,641.6,Travel
1758,31,44604,743,219.45,352.37,33.9,0.0,630.7,Points
1759,31,58395,565,460.15,323.51,143.65,0.0,134.31,Travel
1760,29,117972,729,1061.75,217.07,488.4,462.45,1646.89,Travel
1761,59,42693,717,562.69,337.27,94.78,0.0,165.65,Travel
1762,31,86462,625,989.13,691.7,470.35,797.18,1182.8,Cashback
1763,63,92588,757,522.2,1049.95,46.29,1388.82,1107.35,Travel
1764,37,73118,773,565.93,435.78,342.19,1412.64,1190.36,Travel
1765,35,77994,626,492.92,672.31,229.3,1107.51,728.46,Travel
1766,45,108838,667,875.06,1099.26,367.87,2085.34,572.49,Points
1767,24,27222,809,154.62,134.48,36.48,0.0,68.06,Travel
1768,26,72212,713,777.0,866.54,167.53,209.41,784.22,Cashback
1769,22,72885,715,1102.02,202.62,252.18,902.32,1402.31,Travel
1770,26,44241,719,341.54,465.42,30.97,0.0,144.23,Points
1771,31,83840,689,717.67,806.54,382.31,1001.05,1084.89,Cashback
1772,56,61232,603,885.41,298.81,40.41,805.81,575.58,Points
1773,47,59678,682,929.78,636.17,17.9,0.0,291.23,Travel
1774,25,76796,734,632.8,568.29,150.52,1181.12,373.23,Cashback
1775,29,85921,761,1051.67,565.36,369.46,522.4,1335.21,Travel
1776,29,92161,668,914.24,593.52,387.08,458.96,1345.55,Travel
1777,54,54783,710,265.15,294.73,292.54,0.0,915.97,Cashback
1778,41,80730,664,705.58,348.75,132.4,108.18,1380.48,Points
1779,39,187438,757,824.73,922.19,682.27,427.36,2680.36,Points
1780,64,126768,670,1062.32,915.26,742.86,654.12,1407.12,Travel
1781,37,41188,549,444.83,155.69,236.42,0.0,185.35,Points
1782,40,161072,743,2229.24,1871.66,90.2,2641.58,383.35,Travel
1783,34,48612,756,727.24,258.62,85.56,0.0,385.01,Points
1784,32,55171,665,574.88,296.82,253.79,0.0,806.6,Cashback
1785,43,59690,739,267.41,223.24,125.35,0.0,417.83,Points
1786,35,33095,674,158.86,385.89,81.41,0.0,148.93,Travel
1787,32,109716,815,983.06,348.9,561.75,1584.3,1018.16,Points
1788,30,93249,817,1189.86,406.57,328.24,324.51,262.96,Travel
1789,40,65581,665,414.47,354.14,81.32,591.54,953.55,Travel
1790,31,74153,561,720.77,794.92,369.28,777.12,1299.16,Cashback
1791,34,127351,796,1189.46,886.36,40.75,1505.29,1125.78,Travel
1792,24,96477,674,849.0,750.59,399.41,185.24,1858.15,Points
1793,51,52097,657,535.56,470.96,225.06,0.0,722.06,Travel
1794,35,86197,721,732.67,191.36,65.51,98.26,1653.26,Points
1795,38,52900,795,837.94,373.47,301.53,0.0,555.45,Cashback
1796,61,76073,718,372.76,152.15,260.17,890.05,698.35,Points
1797,31,39878,752,362.09,95.71,110.06,0.0,181.05,Cashback
1798,45,35988,672,404.51,388.67,114.44,0.0,482.24,Cashback
1799,48,60486,711,383.48,608.49,162.1,667.77,539.54,Cashback
1800,33,47263,588,310.99,134.23,13.23,0.0,151.24,Points
1801,32,79516,759,532.76,93.83,271.94,1313.6,1335.87,Points
1802,25,44416,551,406.85,150.13,174.11,0.0,220.3,Cashback
1803,34,40173,783,175.15,239.43,114.09,0.0,94.81,Points
1804,20,63932,584,355.46,162.39,271.07,488.44,154.72,Cashback
1805,54,31284,732,332.24,167.68,181.45,0.0,87.6,Cashback
1806,25,39620,685,566.57,290.81,128.37,0.0,218.7,Cashback
1807,52,36080,736,545.53,259.78,179.68,0.0,707.17,Cashback
1808,32,53054,595,464.75,77.46,300.29,0.0,1060.02,Cashback
1809,43,22427,754,103.16,85.67,47.55,0.0,153.85,Travel
1810,32,8249,669,115.49,39.43,33.33,0.0,73.09,Cashback
1811,44,90401,600,645.46,244.08,101.25,204.31,280.24,Points
1812,40,86644,783,757.27,452.28,100.51,381.23,1235.54,Cashback
1813,32,83441,643,896.16,829.4,285.37,1004.63,1408.48,Cashback
1814,45,98280,768,969.04,1179.36,566.09,1877.15,1914.49,Points
1815,21,84416,729,705.72,155.33,97.92,1121.04,197.53,Cashback
1816,40,94418,697,1471.03,630.71,169.95,832.77,270.04,Points
1817,54,21982,707,120.02,53.2,40.89,0.0,75.18,Travel
1818,27,41875,661,278.89,103.01,128.97,0.0,700.99,Travel
1819,32,58186,615,299.08,114.04,186.2,0.0,560.91,Cashback
1820,38,51598,729,454.06,192.98,134.15,0.0,820.41,Cashback
1821,54,54420,763,308.02,613.86,194.82,0.0,686.78,Points
1822,36,43110,708,433.69,88.81,241.42,0.0,605.26,Travel
1823,30,53781,734,701.3,318.38,24.74,0.0,460.37,Cashback
1824,48,71565,822,1039.12,237.6,113.07,1044.85,1182.25,Cashback
1825,24,64970,662,804.33,475.58,302.76,641.9,531.45,Cashback
1826,55,38916,784,503.57,115.97,164.23,0.0,435.08,Travel
1827,31,48988,609,235.14,207.71,221.43,0.0,479.1,Points
1828,23,125326,682,1173.05,461.2,20.05,177.96,1847.31,Cashback
1829,30,64567,637,812.25,733.48,235.02,1135.09,717.99,Points
1830,25,72005,612,933.18,517.0,374.43,504.03,1422.82,Points
1831,20,42575,784,318.46,352.52,179.67,0.0,693.12,Cashback
1832,32,143855,881,2025.48,1714.75,555.28,1625.56,2626.79,Points
1833,55,38632,759,502.22,181.57,30.13,0.0,474.4,Points
1834,33,26108,741,148.29,188.5,104.43,0.0,370.73,Travel
1835,38,157931,791,1313.99,1711.97,66.33,309.54,1332.94,Points
1836,23,16785,835,235.66,68.15,29.21,0.0,167.51,Travel
1837,39,94719,638,816.48,524.74,18.94,257.64,746.39,Cashback
1838,23,93096,546,646.09,595.81,128.47,1372.24,1411.34,Points
1839,29,75433,644,721.14,629.11,286.65,490.31,1051.54,Points
1840,39,45456,779,654.57,250.92,43.64,0.0,784.57,Points
1841,51,131191,627,1162.35,1490.33,661.2,2403.42,551.0,Cashback
1842,29,51696,601,398.06,514.89,2.07,0.0,195.41,Travel
1843,25,52463,532,815.28,584.44,296.94,0.0,966.37,Travel
1844,38,24196,551,136.47,200.83,108.4,0.0,223.57,Cashback
1845,49,128416,691,624.1,1091.54,359.56,955.42,716.56,Cashback
1846,53,99287,689,1562.78,927.34,244.25,561.96,571.89,Cashback
1847,36,84243,722,1059.78,203.87,171.86,96.04,336.97,Travel
1848,33,93354,808,866.33,177.37,173.64,870.06,429.43,Cashback
1849,46,50380,632,558.21,562.24,43.33,0.0,482.64,Cashback
1850,26,50273,628,490.66,580.15,51.28,0.0,581.16,Cashback
1851,34,43769,634,209.22,203.96,146.19,0.0,784.34,Travel
1852,35,52303,778,515.71,225.95,9.41,0.0,1036.65,Cashback
1853,32,27171,691,289.64,306.49,29.34,0.0,452.67,Travel
1854,33,94733,724,1256.16,680.18,47.37,1455.1,596.82,Points
1855,35,144050,693,656.87,1143.76,691.44,1898.58,2765.76,Points
1856,26,29041,672,126.04,248.01,138.82,0.0,434.45,Cashback
1857,39,75402,657,665.05,156.84,63.34,1278.82,472.02,Travel
1858,45,76443,698,762.9,565.68,267.55,1235.32,1059.5,Travel
1859,42,61953,730,538.99,251.53,323.39,504.3,447.3,Travel
1860,42,35712,540,493.54,209.99,10.71,0.0,132.13,Points
1861,46,54933,719,751.48,79.1,147.22,0.0,1074.49,Points
1862,39,146613,840,2266.64,680.28,762.39,1020.43,2354.6,Travel
1863,43,68791,638,731.94,229.76,210.5,1111.66,268.28,Cashback
1864,35,24696,693,331.91,134.35,7.41,0.0,299.32,Points
1865,44,79624,631,1137.03,218.17,402.9,269.13,1264.43,Cashback
1866,38,25139,743,341.89,145.3,150.83,0.0,51.28,Travel
1867,52,117579,741,1693.14,218.7,660.79,2107.02,1519.12,Points
1868,50,75031,746,1065.44,301.62,289.62,378.16,411.17,Points
1869,21,73873,648,1025.36,737.25,302.88,403.35,1108.1,Cashback
1870,27,43707,689,644.24,154.72,69.93,0.0,407.35,Travel
1871,37,166761,763,2247.94,1043.92,693.73,3131.77,2904.98,Cashback
1872,53,71419,708,752.76,247.11,391.38,532.79,722.76,Cashback
1873,44,116754,521,1538.82,721.54,86.4,483.36,1599.53,Points
1874,44,48391,687,378.42,307.77,74.52,0.0,964.92,Cashback
1875,69,145828,573,1309.54,256.66,819.55,1992.01,495.82,Points
1876,26,48970,761,511.25,219.39,150.83,0.0,105.78,Travel
1877,41,135566,588,1504.78,748.32,620.89,2169.06,2128.39,Travel
1878,28,59655,739,471.27,248.16,248.16,0.0,220.72,Cashback
1879,60,47959,618,479.59,156.35,259.94,0.0,308.86,Travel
1880,34,49055,632,595.53,311.99,118.71,0.0,778.01,Cashback
1881,19,53154,627,458.19,118.0,18.07,0.0,901.49,Cashback
1882,21,51631,668,732.13,76.41,54.73,0.0,1001.64,Cashback
1883,25,49985,695,479.86,254.92,102.97,0.0,893.73,Points
1884,44,33935,718,335.28,398.4,181.89,0.0,253.83,Travel
1885,50,68123,809,1049.09,247.97,297.02,787.5,292.93,Cashback
1886,45,160568,738,1917.18,1502.92,671.17,2042.42,327.56,Travel
1887,25,112447,676,1736.18,166.42,600.47,926.56,476.78,Points
1888,51,68916,750,869.72,515.49,30.32,643.68,150.24,Cashback
1889,61,63013,659,785.14,238.19,83.18,259.61,444.87,Cashback
1890,43,30241,782,235.88,128.22,119.75,0.0,312.09,Cashback
1891,30,100083,762,804.67,894.74,28.02,74.06,548.45,Cashback
1892,27,39748,727,431.66,205.89,235.31,0.0,395.89,Cashback
1893,47,42912,639,473.75,509.79,27.46,0.0,407.66,Travel
1894,31,95896,772,467.97,778.68,406.6,1235.14,1455.7,Cashback
1895,52,68296,658,605.1,547.73,278.65,1256.65,677.5,Points
1896,25,123387,655,1902.63,1179.58,537.97,2314.74,1717.55,Cashback
1897,31,57319,763,702.73,317.55,13.76,0.0,1081.04,Points
1898,36,25132,797,259.86,300.08,75.4,0.0,161.35,Cashback
1899,38,46522,625,464.29,475.45,207.49,0.0,571.29,Cashback
1900,31,30107,700,285.41,71.05,180.04,0.0,112.0,Points
1901,47,99182,669,904.54,638.73,232.09,952.15,837.1,Travel
1902,51,98244,776,1092.47,275.08,47.16,1929.51,1011.91,Cashback
1903,24,54833,808,573.55,449.63,269.78,0.0,1042.92,Travel
1904,40,82684,682,420.03,348.93,127.33,388.61,1170.81,Travel
1905,36,82050,822,513.63,715.48,173.95,1204.49,1317.72,Points
1906,35,41650,717,247.4,161.6,81.63,0.0,239.07,Travel
1907,35,71510,737,722.25,484.84,327.52,1280.03,653.6,Travel
1908,42,36955,713,453.81,351.07,42.13,0.0,344.42,Points
1909,28,57544,814,261.25,217.52,283.12,0.0,226.72,Travel
1910,31,171772,734,2449.47,1391.35,271.4,1250.5,474.09,Cashback
1911,35,25945,726,374.13,76.28,33.21,0.0,496.07,Travel
1912,45,34199,670,175.78,140.22,176.47,0.0,261.96,Cashback
1913,56,62757,803,766.89,554.77,266.09,1043.02,1007.88,Points
1914,26,31286,639,235.27,277.82,108.25,0.0,93.23,Points
1915,40,92384,744,641.14,942.32,356.6,166.29,1722.04,Cashback
1916,26,35573,744,161.5,134.47,7.83,0.0,516.52,Cashback
1917,44,66022,613,810.75,698.51,176.94,1320.44,698.51,Travel
1918,35,31341,659,157.96,72.08,129.75,0.0,129.75,Travel
1919,36,94008,807,953.24,1011.53,332.79,1135.62,1438.32,Travel
1920,28,124103,591,1419.74,558.46,292.88,511.3,441.81,Cashback
1921,53,104425,608,712.18,576.43,31.33,1259.37,1211.33,Cashback
1922,23,53675,696,594.72,625.85,229.73,0.0,1035.93,Cashback
1923,58,41798,663,607.74,462.29,91.96,0.0,655.39,Points
1924,58,63430,651,598.78,440.2,26.64,961.6,967.94,Cashback
1925,43,36249,863,202.27,406.71,194.29,0.0,94.25,Travel
1926,52,51568,690,391.92,496.08,243.4,0.0,398.1,Cashback
1927,42,51728,717,670.39,548.32,134.49,0.0,116.91,Points
1928,36,66895,670,634.16,719.79,307.72,165.9,1280.37,Points
1929,33,32923,693,437.88,308.82,179.1,0.0,76.38,Cashback
1930,61,48609,790,299.43,337.35,159.44,0.0,103.05,Cashback
1931,30,62444,834,789.29,168.6,23.73,281.0,937.91,Cashback
1932,33,91420,858,674.68,703.93,85.93,480.87,354.71,Points
1933,43,53481,530,396.83,507.0,100.54,0.0,376.51,Cashback
1934,20,41416,731,612.13,44.73,221.16,0.0,198.8,Cashback
1935,43,31276,716,489.78,299.62,103.21,0.0,589.24,Cashback
1936,27,106134,600,1099.55,774.78,558.26,248.35,1405.21,Points
1937,44,31538,673,364.58,110.38,32.8,0.0,544.98,Cashback
1938,21,77802,741,529.05,865.16,396.79,960.08,1227.72,Cashback
1939,34,74725,699,768.17,892.22,119.56,1440.7,236.13,Cashback
1940,31,51016,760,688.72,256.1,223.45,0.0,303.04,Points
1941,57,88246,632,1127.78,100.6,252.38,857.75,1752.57,Travel
1942,36,58425,553,264.08,618.14,158.92,0.0,323.67,Cashback
1943,30,53038,679,525.08,269.43,3.18,0.0,744.65,Travel
1944,54,75550,572,772.12,116.35,51.37,519.78,1211.82,Cashback
1945,61,31252,782,288.14,131.88,50.0,0.0,242.52,Points
1946,34,95456,686,1389.84,471.55,194.73,950.74,1092.02,Travel
1947,29,61959,797,648.09,530.37,273.86,1059.5,536.56,Cashback
1948,41,113423,850,1050.3,866.55,299.44,2062.03,1317.98,Points
1949,61,76747,784,1174.23,693.79,440.53,630.86,1224.88,Points
1950,30,75486,699,1180.6,561.62,418.19,43.78,341.2,Cashback
1951,41,114173,688,705.59,427.01,600.55,790.08,292.28,Cashback
1952,36,63044,697,687.18,690.96,118.52,545.96,486.7,Points
1953,38,45461,791,247.31,287.31,213.67,0.0,867.4,Travel
1954,30,71019,690,1117.84,734.34,130.67,865.01,170.45,Points
1955,62,51424,750,309.57,177.93,126.5,0.0,611.95,Travel
1956,32,37933,610,588.72,105.45,79.66,0.0,235.18,Points
1957,19,39665,807,633.05,385.54,186.43,0.0,653.68,Cashback
1958,39,104862,707,538.99,381.7,37.75,645.95,293.61,Cashback
1959,24,71255,564,780.95,122.56,168.16,508.76,587.14,Cashback
1960,44,86287,704,755.87,172.57,3.45,591.93,1140.71,Cashback
1961,41,57349,796,681.31,665.25,341.8,0.0,300.51,Points
1962,34,78855,688,684.46,742.81,271.26,1395.73,1001.46,Cashback
1963,66,54915,618,481.06,626.03,63.7,0.0,474.47,Travel
1964,37,63589,651,555.77,288.69,207.3,354.83,1033.96,Points
1965,28,36188,742,179.49,101.33,120.14,0.0,659.35,Cashback
1966,29,50670,724,656.68,595.88,73.98,0.0,209.77,Cashback
1967,44,48466,653,289.83,414.87,106.63,0.0,123.1,Cashback
1968,59,65400,570,640.92,780.88,10.46,939.14,950.92,Points
1969,59,49585,627,784.43,410.56,281.64,0.0,364.95,Travel
1970,56,61864,740,426.86,736.18,131.15,285.81,178.17,Points
1971,38,66678,715,785.47,362.73,145.36,248.04,949.49,Cashback
1972,43,60080,731,319.63,193.46,86.52,188.65,719.76,Travel
1973,48,44072,780,478.62,157.78,85.5,0.0,603.79,Points
1974,44,92255,677,1064.62,1016.65,464.97,662.39,1501.91,Cashback
1975,45,120745,695,975.62,388.8,270.47,782.43,2139.6,Cashback
1976,26,126556,718,868.17,341.7,286.02,769.46,1260.5,Travel
1977,21,87997,815,790.21,403.03,448.78,191.83,881.73,Points
1978,45,53535,838,784.82,134.91,9.64,0.0,497.88,Travel
1979,22,77652,533,458.15,621.22,236.06,597.92,1230.01,Points
1980,37,70244,748,979.2,792.35,258.5,452.37,1025.56,Points
1981,55,101294,598,723.24,707.03,364.66,1918.51,1418.12,Points
1982,20,210986,741,2797.67,637.18,291.16,2126.74,2430.56,Points
1983,27,43747,785,534.59,438.34,244.98,0.0,709.58,Cashback
1984,36,62800,548,379.31,379.31,190.91,119.32,454.67,Cashback
1985,29,67631,512,470.71,221.83,196.13,275.93,934.66,Cashback
1986,25,68458,749,772.21,728.39,406.64,408.01,299.85,Travel
1987,26,27069,753,355.69,77.96,20.03,0.0,391.96,Points
1988,47,40122,611,385.17,431.71,110.74,0.0,284.87,Cashback
1989,32,56540,771,611.76,196.76,151.53,0.0,858.28,Cashback
1990,25,34975,732,423.9,83.24,189.56,0.0,291.69,Points
1991,31,37233,796,216.7,358.18,91.59,0.0,726.04,Cashback
1992,59,97884,789,612.75,1057.15,125.29,614.71,845.72,Travel
1993,47,39865,589,250.35,398.65,38.27,0.0,774.98,Points
1994,38,42817,776,378.5,399.05,33.4,0.0,810.1,Travel
1995,46,58047,676,753.45,469.02,67.33,0.0,237.99,Travel
1996,21,51887,777,299.91,366.32,161.89,0.0,485.66,Points
1997,39,35695,522,479.03,411.21,159.2,0.0,273.42,Points
1998,57,54632,682,555.06,478.58,15.3,0.0,977.91,Travel
1999,39,52972,742,524.42,565.74,40.26,0.0,193.88,Cashback
